{"mean":{"confidence_interval":{"confidence_level":0.95,"lower_bound":0.040428191196112406,"upper_bound":0.052144430637000506},"point_estimate":0.045863269622276714,"standard_error":0.0029350062820298925},"median":{"confidence_interval":{"confidence_level":0.95,"lower_bound":0.03937697421664321,"upper_bound":0.04907272167326515},"point_estimate":0.044349204158104616,"standard_error":0.002469750808737134}}