{"mean":{"confidence_interval":{"confidence_level":0.95,"lower_bound":-0.010506972536575645,"upper_bound":0.01752274757577334},"point_estimate":0.0063662888745512625,"standard_error":0.0074223784643310765},"median":{"confidence_interval":{"confidence_level":0.95,"lower_bound":0.012153883673859278,"upper_bound":0.018767831110909627},"point_estimate":0.017072875483765015,"standard_error":0.00185172440999686}}