{"mean":{"confidence_interval":{"confidence_level":0.95,"lower_bound":0.004682598366512053,"upper_bound":0.022188402258620545},"point_estimate":0.013391059040973152,"standard_error":0.004480118434493308},"median":{"confidence_interval":{"confidence_level":0.95,"lower_bound":0.0033454633900029673,"upper_bound":0.021117047492736463},"point_estimate":0.012659309611847025,"standard_error":0.004571288788094467}}