{"mean":{"confidence_interval":{"confidence_level":0.95,"lower_bound":-0.029144337909764256,"upper_bound":0.005077813551180726},"point_estimate":-0.011714811517115398,"standard_error":0.008686151718127741},"median":{"confidence_interval":{"confidence_level":0.95,"lower_bound":-0.03207971722882425,"upper_bound":0.007531834247018088},"point_estimate":-0.01214286953247612,"standard_error":0.009541026725735346}}