{"mean":{"confidence_interval":{"confidence_level":0.95,"lower_bound":-0.24933832675794193,"upper_bound":-0.21963734715871128},"point_estimate":-0.2334167720985778,"standard_error":0.007929964910094282},"median":{"confidence_interval":{"confidence_level":0.95,"lower_bound":-0.25641188203458154,"upper_bound":-0.21136262945485063},"point_estimate":-0.22289364979951942,"standard_error":0.010817350199104145}}