{"mean":{"confidence_interval":{"confidence_level":0.95,"lower_bound":-0.02390673471535629,"upper_bound":-0.0012213324735439375},"point_estimate":-0.010410944026312818,"standard_error":0.006014517179755174},"median":{"confidence_interval":{"confidence_level":0.95,"lower_bound":-0.008146756405415845,"upper_bound":0.0002875287332075871},"point_estimate":-0.003217978877008032,"standard_error":0.0021786853234476264}}