{"mean":{"confidence_interval":{"confidence_level":0.95,"lower_bound":-0.03864601357005873,"upper_bound":-0.0319947189143551},"point_estimate":-0.03488657402308315,"standard_error":0.0017064688660706003},"median":{"confidence_interval":{"confidence_level":0.95,"lower_bound":-0.036314799185568014,"upper_bound":-0.03079059713540533},"point_estimate":-0.034706098153492904,"standard_error":0.0015707200778472396}}