{"mean":{"confidence_interval":{"confidence_level":0.95,"lower_bound":-0.3275196653946747,"upper_bound":-0.30952279055654053},"point_estimate":-0.3186721676512796,"standard_error":0.004623533238051392},"median":{"confidence_interval":{"confidence_level":0.95,"lower_bound":-0.33670410345236534,"upper_bound":-0.3090893196257667},"point_estimate":-0.32585584257022415,"standard_error":0.007453615456821001}}