{"mean":{"confidence_interval":{"confidence_level":0.95,"lower_bound":0.01081332504564438,"upper_bound":0.02193884847990921},"point_estimate":0.01617731959261204,"standard_error":0.002867321638270201},"median":{"confidence_interval":{"confidence_level":0.95,"lower_bound":0.01035580184236129,"upper_bound":0.023236167767236582},"point_estimate":0.01542181450174529,"standard_error":0.003622548336044552}}