{"mean":{"confidence_interval":{"confidence_level":0.95,"lower_bound":-0.005766184733241118,"upper_bound":0.02985359226394438},"point_estimate":0.012036822484270404,"standard_error":0.008974732410104675},"median":{"confidence_interval":{"confidence_level":0.95,"lower_bound":0.007541741322425244,"upper_bound":0.025395777235931893},"point_estimate":0.015640739396045156,"standard_error":0.004612696881100221}}