{"mean":{"confidence_interval":{"confidence_level":0.95,"lower_bound":0.014843392995370226,"upper_bound":0.022210750478724953},"point_estimate":0.01874140803797575,"standard_error":0.0018802771535511595},"median":{"confidence_interval":{"confidence_level":0.95,"lower_bound":0.015367605432911713,"upper_bound":0.023514013898970232},"point_estimate":0.020021999435211102,"standard_error":0.002047495254943768}}