{"mean":{"confidence_interval":{"confidence_level":0.95,"lower_bound":-0.004440259591129328,"upper_bound":0.003193275271576484},"point_estimate":-0.000558216001633971,"standard_error":0.0019473420760529718},"median":{"confidence_interval":{"confidence_level":0.95,"lower_bound":-0.004705135298511021,"upper_bound":0.004716049515506304},"point_estimate":0.00026268860817491024,"standard_error":0.002534589362157805}}