{"mean":{"confidence_interval":{"confidence_level":0.95,"lower_bound":-0.018462711557004283,"upper_bound":-0.009586571256940877},"point_estimate":-0.0141820278796162,"standard_error":0.002265923446294968},"median":{"confidence_interval":{"confidence_level":0.95,"lower_bound":-0.020930774136320274,"upper_bound":-0.009651076817866255},"point_estimate":-0.015418686130092785,"standard_error":0.002802390275080448}}