{"mean":{"confidence_interval":{"confidence_level":0.95,"lower_bound":-0.032786728161834665,"upper_bound":-0.0034839552338725675},"point_estimate":-0.014650756113193886,"standard_error":0.007996133624461563},"median":{"confidence_interval":{"confidence_level":0.95,"lower_bound":-0.008997981262622634,"upper_bound":-0.002243278863671039},"point_estimate":-0.004749042755344823,"standard_error":0.0018710297565632597}}