{"mean":{"confidence_interval":{"confidence_level":0.95,"lower_bound":-0.008820957279261027,"upper_bound":0.030073797594856837},"point_estimate":0.009087794922066017,"standard_error":0.009960102800737418},"median":{"confidence_interval":{"confidence_level":0.95,"lower_bound":-0.012294794412473609,"upper_bound":0.02549974388660048},"point_estimate":-0.0000481346646247216,"standard_error":0.009599427032819541}}