{"mean":{"confidence_interval":{"confidence_level":0.95,"lower_bound":0.0005559926918511964,"upper_bound":0.012042252088667063},"point_estimate":0.006009130145916641,"standard_error":0.0029166699546805653},"median":{"confidence_interval":{"confidence_level":0.95,"lower_bound":0.0026072021498853015,"upper_bound":0.010213709854520525},"point_estimate":0.006164479162815262,"standard_error":0.0021266543484554086}}