{"mean":{"confidence_interval":{"confidence_level":0.95,"lower_bound":0.004948824812261789,"upper_bound":0.019027608268676704},"point_estimate":0.011806806612847387,"standard_error":0.0035746021319228508},"median":{"confidence_interval":{"confidence_level":0.95,"lower_bound":0.004143302393275317,"upper_bound":0.022533412496538174},"point_estimate":0.01762279242281095,"standard_error":0.004786637713797294}}