{"mean":{"confidence_interval":{"confidence_level":0.95,"lower_bound":3169986.7209282303,"upper_bound":3247762.051062179},"point_estimate":3203326.6588603044,"standard_error":20170.149150660745},"median":{"confidence_interval":{"confidence_level":0.95,"lower_bound":3154487.144179894,"upper_bound":3194085.8225446427},"point_estimate":3168894.833333333,"standard_error":10053.079267678775},"median_abs_dev":{"confidence_interval":{"confidence_level":0.95,"lower_bound":18553.579751997157,"upper_bound":62440.11950584135},"point_estimate":35917.76370295749,"standard_error":10642.442542810308},"slope":{"confidence_interval":{"confidence_level":0.95,"lower_bound":3167764.24743391,"upper_bound":3199387.43725216},"point_estimate":3181491.4358011633,"standard_error":8061.494079817349},"std_dev":{"confidence_interval":{"confidence_level":0.95,"lower_bound":33448.35833696247,"upper_bound":168141.7288437733},"point_estimate":112212.0317679809,"standard_error":35980.78766644381}}