{"mean":{"confidence_interval":{"confidence_level":0.95,"lower_bound":-0.03434139630407736,"upper_bound":-0.0012128452775347685},"point_estimate":-0.01792395073431008,"standard_error":0.008436789480172525},"median":{"confidence_interval":{"confidence_level":0.95,"lower_bound":-0.03734616605327057,"upper_bound":-0.011585428675013998},"point_estimate":-0.022947365815157328,"standard_error":0.007268520235921279}}