{"mean":{"confidence_interval":{"confidence_level":0.95,"lower_bound":0.0029514160617308115,"upper_bound":0.010151911774968317},"point_estimate":0.006343260277849705,"standard_error":0.00183850794794275},"median":{"confidence_interval":{"confidence_level":0.95,"lower_bound":0.0013920445705890572,"upper_bound":0.009599813684997072},"point_estimate":0.004909223339046198,"standard_error":0.0020042506021694627}}