{"mean":{"confidence_interval":{"confidence_level":0.95,"lower_bound":-0.017461346563923293,"upper_bound":0.004642283053927001},"point_estimate":-0.0056247495910117795,"standard_error":0.005631012097274923},"median":{"confidence_interval":{"confidence_level":0.95,"lower_bound":-0.005408145976088075,"upper_bound":0.0017790974882314625},"point_estimate":-0.0015674811298223013,"standard_error":0.0018115546940916574}}