{"mean":{"confidence_interval":{"confidence_level":0.95,"lower_bound":-0.011985382398810338,"upper_bound":0.010166982109669109},"point_estimate":0.0001278753404387878,"standard_error":0.005661530455134396},"median":{"confidence_interval":{"confidence_level":0.95,"lower_bound":-0.0022150315326427213,"upper_bound":0.005143956393478311},"point_estimate":0.0024147382893440206,"standard_error":0.0017837532945190742}}