{"mean":{"confidence_interval":{"confidence_level":0.95,"lower_bound":0.027930339296354238,"upper_bound":0.05172055636523524},"point_estimate":0.0398159453872291,"standard_error":0.0060626344340991905},"median":{"confidence_interval":{"confidence_level":0.95,"lower_bound":0.02008887951720606,"upper_bound":0.05544105279895106},"point_estimate":0.03659880390843773,"standard_error":0.009278036011719677}}