{"mean":{"confidence_interval":{"confidence_level":0.95,"lower_bound":-0.014690840234669853,"upper_bound":-0.002256799677649794},"point_estimate":-0.008454932255728353,"standard_error":0.0031758906719171615},"median":{"confidence_interval":{"confidence_level":0.95,"lower_bound":-0.01016985597125497,"upper_bound":-0.0014329169113134206},"point_estimate":-0.007550531608139566,"standard_error":0.0024558755199415687}}