{"mean":{"confidence_interval":{"confidence_level":0.95,"lower_bound":0.018134523808764427,"upper_bound":0.04272417328205083},"point_estimate":0.02942336865910966,"standard_error":0.006118368067947173},"median":{"confidence_interval":{"confidence_level":0.95,"lower_bound":0.015160591685477343,"upper_bound":0.022205592779656502},"point_estimate":0.01839688017183394,"standard_error":0.002048115381091261}}