{"mean":{"confidence_interval":{"confidence_level":0.95,"lower_bound":-0.0200853363609698,"upper_bound":0.004607402699796185},"point_estimate":-0.006127615196620417,"standard_error":0.006435787854582784},"median":{"confidence_interval":{"confidence_level":0.95,"lower_bound":-0.00045838803664156825,"upper_bound":0.007635965390810684},"point_estimate":0.003996498944412785,"standard_error":0.002060707128357016}}