{"mean":{"confidence_interval":{"confidence_level":0.95,"lower_bound":1974433.267684113,"upper_bound":1983613.4953328907},"point_estimate":1978724.9569301836,"standard_error":2348.0096163006833},"median":{"confidence_interval":{"confidence_level":0.95,"lower_bound":1971486.4186507936,"upper_bound":1980804.3030852997},"point_estimate":1975490.2546296297,"standard_error":2123.3654271704922},"median_abs_dev":{"confidence_interval":{"confidence_level":0.95,"lower_bound":5547.707698730949,"upper_bound":15075.872547349778},"point_estimate":9266.060454560231,"standard_error":2358.4900150239896},"slope":{"confidence_interval":{"confidence_level":0.95,"lower_bound":1973242.6418412998,"upper_bound":1987571.2441513757},"point_estimate":1979896.2387625596,"standard_error":3681.0325995053086},"std_dev":{"confidence_interval":{"confidence_level":0.95,"lower_bound":7705.2461893402715,"upper_bound":17595.114093042925},"point_estimate":13119.646178083549,"standard_error":2599.2173203445614}}