{"mean":{"confidence_interval":{"confidence_level":0.95,"lower_bound":-0.035029534968049024,"upper_bound":-0.0007878650100137474},"point_estimate":-0.01528923804737703,"standard_error":0.008943359377558326},"median":{"confidence_interval":{"confidence_level":0.95,"lower_bound":-0.005610469337271162,"upper_bound":0.0034264924947784436},"point_estimate":-0.0005052209619522685,"standard_error":0.0023033205481851715}}