{"mean":{"confidence_interval":{"confidence_level":0.95,"lower_bound":0.006619955593991683,"upper_bound":0.013660132464721197},"point_estimate":0.01014684821907541,"standard_error":0.0017954042697806464},"median":{"confidence_interval":{"confidence_level":0.95,"lower_bound":0.007860822764701236,"upper_bound":0.013678409211027809},"point_estimate":0.0099453141966106,"standard_error":0.0014796236289343096}}