{"mean":{"confidence_interval":{"confidence_level":0.95,"lower_bound":0.0013297617656626798,"upper_bound":0.014000950788717914},"point_estimate":0.00754132107940042,"standard_error":0.0032317071733771407},"median":{"confidence_interval":{"confidence_level":0.95,"lower_bound":-0.0008951045670728838,"upper_bound":0.016474626879718457},"point_estimate":0.008742669359649957,"standard_error":0.0044106452414940335}}