{"mean":{"confidence_interval":{"confidence_level":0.95,"lower_bound":-0.0012162782275298822,"upper_bound":0.0063276338510941145},"point_estimate":0.002608770793602666,"standard_error":0.0019512282430753044},"median":{"confidence_interval":{"confidence_level":0.95,"lower_bound":-0.0033006205910880437,"upper_bound":0.003591477253869657},"point_estimate":1.6209399573696714e-6,"standard_error":0.0018945735584630734}}