{"mean":{"confidence_interval":{"confidence_level":0.95,"lower_bound":0.013639887182327715,"upper_bound":0.025916896147750154},"point_estimate":0.019419594914634075,"standard_error":0.003136184760366732},"median":{"confidence_interval":{"confidence_level":0.95,"lower_bound":0.010562225515238444,"upper_bound":0.025772550018173357},"point_estimate":0.018822306110830356,"standard_error":0.003975955272573621}}